Average_execution_time,Overall_RPS,RPS_per_CPU
0,0.9999990190009623,0.9999990190009623

